region,state,name,source,status
west,AK,Sequence,Nike SB Air Max 95 West,website_discovery
west,AZ,BLX Skateshop,Nike SB Air Max 95 West,website_discovery
west,AZ,Cowtown Skateboards,Nike SB Air Max 95 West,website_discovery
west,AZ,Sidewalk Surfer,Nike SB Air Max 95 West,website_discovery
west,AZ,Faces,Nike SB Air Max 95 West,website_discovery
west,CA,The Berrics,Nike SB Air Max 95 West,website_discovery
west,CA,Boarders - Topanga,Nike SB Air Max 95 West,website_discovery
west,CA,Crooks,Nike SB Air Max 95 West,website_discovery
west,CA,Crown Apparel,Nike SB Air Max 95 West,website_discovery
west,CA,Defy Boardshop,Nike SB Air Max 95 West,website_discovery
west,CA,Xtreme - Culver City,Nike SB Air Max 95 West,website_discovery
west,CA,Icon Boardshop,Nike SB Air Max 95 West,website_discovery
west,CA,Innercity Skate,Nike SB Air Max 95 West,website_discovery
west,CA,Kingswell,Nike SB Air Max 95 West,website_discovery
west,CA,Brooklyn Projects - Melrose,Nike SB Air Max 95 West,website_discovery
west,CA,Brooklyn Projects - Westchester,Nike SB Air Max 95 West,website_discovery
west,CA,Non Factory,Nike SB Air Max 95 West,website_discovery
west,CA,New Star,Nike SB Air Max 95 West,website_discovery
west,CA,Pawnshop,Nike SB Air Max 95 West,website_discovery
west,CA,Pharmacy Boardshop - Palmdale,Nike SB Air Max 95 West,website_discovery
west,CA,Pharmacy Boardshop - Rancho,Nike SB Air Max 95 West,website_discovery
west,CA,Pharmacy Boardshop - Victorville Mall,Nike SB Air Max 95 West,website_discovery
west,CA,Pharmacy Boardshop - Temecula,Nike SB Air Max 95 West,website_discovery
west,CA,Rapid,Nike SB Air Max 95 West,website_discovery
west,CA,Spyder,Nike SB Air Max 95 West,website_discovery
west,CA,Stix - Monrovia,Nike SB Air Max 95 West,website_discovery
west,CA,Transport,Nike SB Air Max 95 West,website_discovery
west,CA,Val Surf - North Hollywood,Nike SB Air Max 95 West,website_discovery
west,CA,Asylum,Nike SB Air Max 95 West,website_discovery
west,CA,Contenders,Nike SB Air Max 95 West,website_discovery
west,CA,East 4th,Nike SB Air Max 95 West,website_discovery
west,CA,The Fort,Nike SB Air Max 95 West,website_discovery
west,CA,Furnace,Nike SB Air Max 95 West,website_discovery
west,CA,Jacks Surfboards,Nike SB Air Max 95 West,website_discovery
west,CA,Long Beach Skate,Nike SB Air Max 95 West,website_discovery
west,CA,Sixes and Sevens,Nike SB Air Max 95 West,website_discovery
west,CA,Urban Feet,Nike SB Air Max 95 West,website_discovery
west,CA,Sun Diego,Nike SB Air Max 95 West,website_discovery
west,CA,Overload,Nike SB Air Max 95 West,website_discovery
west,CA,Pacific Drive,Nike SB Air Max 95 West,website_discovery
west,CA,Pride,Nike SB Air Max 95 West,website_discovery
west,CA,Rose Street Skateshop,Nike SB Air Max 95 West,website_discovery
west,CA,PLA Folsom,Nike SB Air Max 95 West,website_discovery
west,CA,PLA Sacramento,Nike SB Air Max 95 West,website_discovery
west,CA,510 Skateboarding,Nike SB Air Max 95 West,website_discovery
west,CA,Bills Wheels,Nike SB Air Max 95 West,website_discovery
west,CA,Atlas,Nike SB Air Max 95 West,website_discovery
west,CA,DLX SF,Nike SB Air Max 95 West,website_discovery
west,CA,FTC SF,Nike SB Air Max 95 West,website_discovery
west,CA,Skate Warehouse,Nike SB Air Max 95 West,website_discovery
west,CA,Goodtimes,Nike SB Air Max 95 West,website_discovery
west,CA,Lighthouse,Nike SB Air Max 95 West,website_discovery
west,CA,Prodigy Clovis,Nike SB Air Max 95 West,website_discovery
west,CA,Proof Lab San Rafael,Nike SB Air Max 95 West,website_discovery
west,CA,Kingpin Skateboards,Nike SB Air Max 95 West,website_discovery
west,CA,Arts & Rec,Nike SB Air Max 95 West,website_discovery
west,CO,303 - Annex,Nike SB Air Max 95 West,website_discovery
west,CO,Emage,Nike SB Air Max 95 West,website_discovery
west,CO,Satellite Boardshop,Nike SB Air Max 95 West,website_discovery
west,CO,Skateboard Market,Nike SB Air Max 95 West,website_discovery
west,HI,APB Hawaii,Nike SB Air Max 95 West,website_discovery
west,HI,808 Skates,Nike SB Air Max 95 West,website_discovery
west,NV,Pharmacy Boardshop,Nike SB Air Max 95 West,website_discovery
west,NM,Kingswell,Nike SB Air Max 95 West,website_discovery
west,NM,Microwave,Nike SB Air Max 95 West,website_discovery
west,OR,CCS,Nike SB Air Max 95 West,website_discovery
west,OR,Tactics - Eugene,Nike SB Air Max 95 West,website_discovery
west,OR,Tactics - Portland,Nike SB Air Max 95 West,website_discovery
west,OR,Tactics - Bend,Nike SB Air Max 95 West,website_discovery
west,UT,Time Machine,Nike SB Air Max 95 West,website_discovery
west,WA,35th Ave,Nike SB Air Max 95 West,website_discovery
west,WA,35th North,Nike SB Air Max 95 West,website_discovery
west,WA,By and By,Nike SB Air Max 95 West,website_discovery
west,WA,Apple Valley Emporium,Nike SB Air Max 95 West,website_discovery
west,WA,Pistole,Nike SB Air Max 95 West,website_discovery
west,WA,New Yak City,Nike SB Air Max 95 West,website_discovery
central,AL,Reset Mercantile,Nike SB Air Max 95 Central,website_discovery
central,AL,Faith Skate Supply,Nike SB Air Max 95 Central,website_discovery
central,IL,Uprise,Nike SB Air Max 95 Central,website_discovery
central,IL,Jerics,Nike SB Air Max 95 Central,website_discovery
central,IL,Prosper,Nike SB Air Max 95 Central,website_discovery
central,IL,Fargo,Nike SB Air Max 95 Central,website_discovery
central,IN,Rise Fort Wayne,Nike SB Air Max 95 Central,website_discovery
central,IN,Minus Skate Shop,Nike SB Air Max 95 Central,website_discovery
central,IN,Blacklist,Nike SB Air Max 95 Central,website_discovery
central,IA,Subsect,Nike SB Air Max 95 Central,website_discovery
central,KY,Home Skateshop,Nike SB Air Max 95 Central,website_discovery
central,LA,Humidity Skateshop,Nike SB Air Max 95 Central,website_discovery
central,LA,Rukus Boardshop - Baton Rouge,Nike SB Air Max 95 Central,website_discovery
central,LA,Rukus Boardshop - Lafayette,Nike SB Air Max 95 Central,website_discovery
central,MI,Premier,Nike SB Air Max 95 Central,website_discovery
central,MI,Olympia Skate Shop,Nike SB Air Max 95 Central,website_discovery
central,MI,Brush Alley,Nike SB Air Max 95 Central,website_discovery
central,MI,Exodus Rideshop,Nike SB Air Max 95 Central,website_discovery
central,MI,Modern Plus Skateboarding,Nike SB Air Max 95 Central,website_discovery
central,MI,Skaters Advocate,Nike SB Air Max 95 Central,website_discovery
central,MN,Familia Skateboard Shop,Nike SB Air Max 95 Central,website_discovery
central,MN,Cal Surf,Nike SB Air Max 95 Central,website_discovery
central,MN,Damage,Nike SB Air Max 95 Central,website_discovery
central,MN,After Hours,Nike SB Air Max 95 Central,website_discovery
central,MS,Swellophonic,Nike SB Air Max 95 Central,website_discovery
central,MO,Escapist,Nike SB Air Max 95 Central,website_discovery
central,MO,Infinity,Nike SB Air Max 95 Central,website_discovery
central,NE,Silo - Grand Island,Nike SB Air Max 95 Central,website_discovery
central,NE,Silo - Omaha,Nike SB Air Max 95 Central,website_discovery
central,OH,Blacklist,Nike SB Air Max 95 Central,website_discovery
central,OH,Embassy,Nike SB Air Max 95 Central,website_discovery
central,OH,West Side Skates,Nike SB Air Max 95 Central,website_discovery
central,OH,One Love,Nike SB Air Max 95 Central,website_discovery
central,OK,Core Boardshop,Nike SB Air Max 95 Central,website_discovery
central,TN,Comfort Skateshop,Nike SB Air Max 95 Central,website_discovery
central,TN,Blue Flowers,Nike SB Air Max 95 Central,website_discovery
central,TX,No Comply,Nike SB Air Max 95 Central,website_discovery
central,TX,Select,Nike SB Air Max 95 Central,website_discovery
central,TX,Magnolia,Nike SB Air Max 95 Central,website_discovery
central,TX,Geometric - Houston,Nike SB Air Max 95 Central,website_discovery
central,TX,Geometric - Irving,Nike SB Air Max 95 Central,website_discovery
central,TX,Southside Skatepark,Nike SB Air Max 95 Central,website_discovery
central,TX,Fast Forward,Nike SB Air Max 95 Central,website_discovery
central,TX,Deli,Nike SB Air Max 95 Central,website_discovery
central,WI,Alumni,Nike SB Air Max 95 Central,website_discovery
central,WI,Central Board Shop,Nike SB Air Max 95 Central,website_discovery
central,WI,Sky High,Nike SB Air Max 95 Central,website_discovery
east,CT,Plush Skateshop,Nike SB Air Max 95 East,website_discovery
east,DE,Kinetic,Nike SB Air Max 95 East,website_discovery
east,FL,Plus of NW Florida,Nike SB Air Max 95 East,website_discovery
east,FL,Relief Skate Supply,Nike SB Air Max 95 East,website_discovery
east,FL,Westside Skate Shop Inc,Nike SB Air Max 95 East,website_discovery
east,FL,Skatepark of Tampa,Nike SB Air Max 95 East,website_discovery
east,FL,The Compound,Nike SB Air Max 95 East,website_discovery
east,FL,The Block,Nike SB Air Max 95 East,website_discovery
east,FL,Island Water Sports,Nike SB Air Max 95 East,website_discovery
east,FL,Sunrise,Nike SB Air Max 95 East,website_discovery
east,FL,Andrew,Nike SB Air Max 95 East,website_discovery
east,GA,Stratosphere Skateboards,Nike SB Air Max 95 East,website_discovery
east,GA,Clockwork Skate Shop - Macon,Nike SB Air Max 95 East,website_discovery
east,GA,Clockwork Skate Shop - Savannah,Nike SB Air Max 95 East,website_discovery
east,MD,VU Skate Shop LLC,Nike SB Air Max 95 East,website_discovery
east,MA,Orchard,Nike SB Air Max 95 East,website_discovery
east,MA,Theory Skate Shop,Nike SB Air Max 95 East,website_discovery
east,NH,Coureur Goods,Nike SB Air Max 95 East,website_discovery
east,NJ,NJ Skateshop - Jersey City,Nike SB Air Max 95 East,website_discovery
east,NJ,NJ Skateshop - New Brunswick,Nike SB Air Max 95 East,website_discovery
east,NJ,Underground Skateshop,Nike SB Air Max 95 East,website_discovery
east,NJ,Travel Skate Shop,Nike SB Air Max 95 East,website_discovery
east,NJ,Branded Surf & Skate,Nike SB Air Max 95 East,website_discovery
east,NY,Classic Skate Shop,Nike SB Air Max 95 East,website_discovery
east,NY,Labor Skate Shop,Nike SB Air Max 95 East,website_discovery
east,NY,Seasons Skate Shop,Nike SB Air Max 95 East,website_discovery
east,NY,Richmond Hood,Nike SB Air Max 95 East,website_discovery
east,NY,L.I.C.K.,Nike SB Air Max 95 East,website_discovery
east,NY,Bunger Sayville,Nike SB Air Max 95 East,website_discovery
east,NY,Moms Skate Shop,Nike SB Air Max 95 East,website_discovery
east,NY,Supreme,Nike SB Air Max 95 East,website_discovery
east,NY,Tenant,Nike SB Air Max 95 East,website_discovery
east,NY,Homegrown,Nike SB Air Max 95 East,website_discovery
east,NY,Pastime Skateboard Shop,Nike SB Air Max 95 East,website_discovery
east,NC,Black Sheep,Nike SB Air Max 95 East,website_discovery
east,NC,Another Skate Shop,Nike SB Air Max 95 East,website_discovery
east,NC,Backdoor Skate Shop LLC,Nike SB Air Max 95 East,website_discovery
east,NC,Endless Grind,Nike SB Air Max 95 East,website_discovery
east,NC,Moms Sweet Shop,Nike SB Air Max 95 East,website_discovery
east,NC,Permanent Vacation,Nike SB Air Max 95 East,website_discovery
east,NC,Push Skate Shop,Nike SB Air Max 95 East,website_discovery
east,NC,Recess Skate & Snow LLC,Nike SB Air Max 95 East,website_discovery
east,NC,Apex Outfitter,Nike SB Air Max 95 East,website_discovery
east,NC,Stolen Skate Shop,Nike SB Air Max 95 East,website_discovery
east,NC,Manifest Skate Shop,Nike SB Air Max 95 East,website_discovery
east,NC,Finches Skate Shop,Nike SB Air Max 95 East,website_discovery
east,NC,Stardust,Nike SB Air Max 95 East,website_discovery
east,PA,Home Base Skate Shop,Nike SB Air Max 95 East,website_discovery
east,PA,Nocturnal,Nike SB Air Max 95 East,website_discovery
east,PA,Holistic,Nike SB Air Max 95 East,website_discovery
east,RI,Civil,Nike SB Air Max 95 East,website_discovery
east,SC,Blue Tile Skateboards Inc,Nike SB Air Max 95 East,website_discovery
east,SC,Continuum Skate Shop,Nike SB Air Max 95 East,website_discovery
east,SC,Parrot Surf Shop Inc,Nike SB Air Max 95 East,website_discovery
east,VT,Maven,Nike SB Air Max 95 East,website_discovery
east,VA,Magic Bullet Skateboards,Nike SB Air Max 95 East,website_discovery
east,VA,Venue,Nike SB Air Max 95 East,website_discovery
east,VA,Wonder Skate Shop,Nike SB Air Max 95 East,website_discovery
east,VA,Skate Supply LLC,Nike SB Air Max 95 East,website_discovery
east,VA,Cinema,Nike SB Air Max 95 East,website_discovery

